/*Popolamento Insegnante*/
insert into insegnante values (
	'Luca','Scafoglio','1','luca.scafoglio','fordfiesta'
);
insert into insegnante values (
	'Delfina','Curati','2','delfina.curati','majorana44'
);
insert into insegnante values (
	'Daniel','Riccio','3','daniel.riccio','programmazione'
);
insert into insegnante values (
	'Fabio','Mogavero','4','fabio.mogavero','asd202122'
);



/*Popolamento Studente*/
insert into studente values (
	'Francesco','Aietto','1','francesco.aietto','casetta01'
);
insert into studente values (
	'Paolo','Barretta','2','paolo.barretta','dottorCase'
);
insert into studente values (
	'Rosa','Cariello','3','rosa.cariello','stefCurry232'
);
insert into studente values (
	'Jacopo','Cicciarelli','4','jacopo.cicciarelli','gameplay'
);
insert into studente values (
	'Lorenza','Cerere','5','lorenza.cerere','cecio027.2'
);
insert into studente values (
	'Ferdinando','Cerlisio','6','ferdinando.cerlisio','maestral22'
);
insert into studente values (
	'Giulia','Di Giulanni','7','giulia.digiulanni','giuliadisco11'
);
insert into studente values (
	'Vittorio','DI Russo','8','vittorio.dirusso','ienawhite11'
);


/*Popolamento TEST*/

/*Informatica*/
insert into test(idt, nome, DataTest,  datainizioiscr, datafineiscr, temposvolgimento, punteggiominpos) values (
	'1', 'Test Informatica Gennaio','2022-01-25 14:00:00','2022-01-01 08:00:00','2022-01-24 23:00:00','75','18'
);
insert into test(idt, nome, DataTest,  datainizioiscr, datafineiscr, temposvolgimento, punteggiominpos) values (
	'2', 'Test Informatica Febbraio','2022-02-25 14:00:00','2022-02-01 08:00:00','2022-02-24 23:00:00','75','18'
);
insert into test(idt, nome, DataTest,  datainizioiscr, datafineiscr, temposvolgimento, punteggiominpos) values (
	'15', 'Test Informatica Marzo','2022-03-25 14:00:00','2022-03-01 08:00:00','2022-03-24 23:00:00','75','18'
);
insert into test(idt, nome, DataTest,  datainizioiscr, datafineiscr, temposvolgimento, punteggiominpos) values (
	'16', 'Test Informatica Giugno','2022-06-25 16:00:00','2022-06-01 08:00:00','2022-06-24 23:00:00','75','18'
);
insert into test(idt, nome, DataTest,  datainizioiscr, datafineiscr, temposvolgimento, punteggiominpos) values (
	'22', 'Test Informatica Luglio','2022-07-25 16:30:00','2022-07-01 08:00:00','2022-07-24 23:00:00','75','18'
);
insert into test(idt, nome, DataTest,  datainizioiscr, datafineiscr, temposvolgimento, punteggiominpos) values (
	'23', 'Test Informatica Settembre','2022-09-25 16:00:00','2022-09-01 08:00:00','2022-09-24 23:00:00','75','18'
);
insert into test(idt, nome, DataTest,  datainizioiscr, datafineiscr, temposvolgimento, punteggiominpos) values (
	'29', 'Test Informatica Ottobre','2022-10-25 15:00:00','2022-10-01 08:00:00','2022-10-24 23:00:00','75','18'
);


/*Storia*/
insert into test(idt, nome, DataTest,  datainizioiscr, datafineiscr, temposvolgimento, punteggiominpos) values (
	'3', 'Test Storia Gennaio','2022-01-22 14:00:00','2022-01-01 08:00:00','2022-01-21 23:00:00','120','18'
);
insert into test(idt, nome, DataTest,  datainizioiscr, datafineiscr, temposvolgimento, punteggiominpos) values (
	'4', 'Test Storia Febbraio','2022-02-22 14:00:00','2022-02-01 08:00:00','2022-02-21 23:00:00','120','18'
);
insert into test(idt, nome, DataTest,  datainizioiscr, datafineiscr, temposvolgimento, punteggiominpos) values (
	'30', 'Test Storia Marzo','2022-03-22 14:00:00','2022-03-01 08:00:00','2022-03-21 23:00:00','120','18'
);
insert into test(idt, nome, DataTest,  datainizioiscr, datafineiscr, temposvolgimento, punteggiominpos) values (
	'11', 'Test Storia Giugno','2022-06-22 16:00:00','2022-06-01 08:00:00','2022-06-21 23:00:00','120','18'
);
insert into test(idt, nome, DataTest,  datainizioiscr, datafineiscr, temposvolgimento, punteggiominpos) values (
	'12', 'Test Storia Luglio','2022-07-22 16:30:00','2022-07-01 08:00:00','2022-07-21 23:00:00','120','18'
);
insert into test(idt, nome, DataTest,  datainizioiscr, datafineiscr, temposvolgimento, punteggiominpos) values (
	'13', 'Test Storia Settembre','2022-09-22 16:00:00','2022-09-01 08:00:00','2022-09-21 23:00:00','120','18'
);
insert into test(idt, nome, DataTest,  datainizioiscr, datafineiscr, temposvolgimento, punteggiominpos) values (
	'14', 'Test Storia Ottobre','2022-10-22 15:00:00','2022-10-01 08:00:00','2022-10-21 23:00:00','120','18'
);


/*Italiano*/
insert into test(idt, nome, DataTest, datainizioiscr, datafineiscr, temposvolgimento, punteggiominpos) values (
	'5', 'Test Italiano Gennaio','2022-01-18 14:00:00','2022-01-01 08:00:00','2022-01-17 23:00:00','120','18'
);
insert into test(idt, nome, DataTest,  datainizioiscr, datafineiscr, temposvolgimento, punteggiominpos) values (
	'6', 'Test Italiano Febbraio','2022-02-18 14:00:00','2022-02-01 08:00:00','2022-02-17 23:00:00','120','18'
);
insert into test(idt, nome, DataTest,  datainizioiscr, datafineiscr, temposvolgimento, punteggiominpos) values (
	'17', 'Test Italiano Marzo','2022-03-18 14:00:00','2022-03-01 08:00:00','2022-03-17 23:00:00','120','18'
);
insert into test(idt, nome, DataTest,  datainizioiscr, datafineiscr, temposvolgimento, punteggiominpos) values (
	'18', 'Test Italiano Giugno','2022-06-18 16:00:00','2022-06-01 08:00:00','2022-06-17 23:00:00','120','18'
);
insert into test(idt, nome, DataTest,  datainizioiscr, datafineiscr, temposvolgimento, punteggiominpos) values (
	'19', 'Test Italiano Luglio','2022-07-18 16:30:00','2022-07-01 08:00:00','2022-07-17 23:00:00','120','18'
);
insert into test(idt, nome, DataTest,  datainizioiscr, datafineiscr, temposvolgimento, punteggiominpos) values (
	'20', 'Test Italiano Settembre','2022-09-18 16:00:00','2022-09-01 08:00:00','2022-09-17 23:00:00','120','18'
);
insert into test(idt, nome, DataTest,  datainizioiscr, datafineiscr, temposvolgimento, punteggiominpos) values (
	'21', 'Test Italiano Ottobre','2022-10-18 15:00:00','2022-10-01 08:00:00','2022-10-17 23:00:00','120','18'
);


/*Filosofia*/
insert into test(idt, nome, DataTest,  datainizioiscr, datafineiscr, temposvolgimento, punteggiominpos) values (
	'7', 'Test Filosofia Gennaio','2022-01-18 14:00:00','2022-01-01 08:00:00','2022-01-17 23:00:00','120','18'
);
insert into test(idt, nome, DataTest,  datainizioiscr, datafineiscr, temposvolgimento, punteggiominpos) values (
	'8', 'Test Filosofia Febbraio','2022-02-17 14:00:00','2022-02-01 08:00:00','2022-02-16 23:00:00','120','18'
);
insert into test(idt, nome, DataTest,  datainizioiscr, datafineiscr, temposvolgimento, punteggiominpos) values (
	'24', 'Test Filosofia Marzo','2022-03-17 14:00:00','2022-03-01 08:00:00','2022-03-16 23:00:00','120','18'
);
insert into test(idt, nome, DataTest,  datainizioiscr, datafineiscr, temposvolgimento, punteggiominpos) values (
	'25', 'Test Filosofia Giugno','2022-06-16 16:00:00','2022-06-01 08:00:00','2022-06-15 23:00:00','120','18'
);
insert into test(idt, nome, DataTest,  datainizioiscr, datafineiscr, temposvolgimento, punteggiominpos) values (
	'26', 'Test Filosofia Luglio','2022-07-17 16:30:00','2022-07-01 08:00:00','2022-07-16 23:00:00','120','18'
);
insert into test(idt, nome, DataTest,  datainizioiscr, datafineiscr, temposvolgimento, punteggiominpos) values (
	'27', 'Test Filosofia Settembre','2022-09-15 16:00:00','2022-09-01 08:00:00','2022-09-14 23:00:00','120','18'
);
insert into test(idt, nome, DataTest,  datainizioiscr, datafineiscr, temposvolgimento, punteggiominpos) values (
	'28', 'Test Filosofia Ottobre','2022-10-17 15:00:00','2022-10-01 08:00:00','2022-10-16 23:00:00','120','18'
);


/*Analisi1*/
insert into test(idt, nome, DataTest,  datainizioiscr, datafineiscr, temposvolgimento, punteggiominpos) values (
	'9', 'Test analisi1 Gennaio','2022-01-28 14:00:00','2022-01-01 08:00:00','2022-01-27 23:00:00','150','18'
);
insert into test(idt, nome, DataTest,  datainizioiscr, datafineiscr, temposvolgimento, punteggiominpos) values (
	'10', 'Test analisi1 Febbraio','2022-02-28 14:00:00','2022-02-01 08:00:00','2022-02-27 23:00:00','150','18'
);
insert into test(idt, nome, DataTest,  datainizioiscr, datafineiscr, temposvolgimento, punteggiominpos) values (
	'31', 'Test analisi1 Marzo','2022-03-28 14:00:00','2022-03-01 08:00:00','2022-03-27 23:00:00','150','18'
);
insert into test(idt, nome, DataTest,  datainizioiscr, datafineiscr, temposvolgimento, punteggiominpos) values (
	'32', 'Test analisi1 Giugno','2022-06-28 16:00:00','2022-06-01 08:00:00','2022-06-27 23:00:00','150','18'
);
insert into test(idt, nome, DataTest,  datainizioiscr, datafineiscr, temposvolgimento, punteggiominpos) values (
	'33', 'Test analisi1 Luglio','2022-07-28 16:30:00','2022-07-01 08:00:00','2022-07-27 23:00:00','150','18'
);
insert into test(idt, nome, DataTest,  datainizioiscr, datafineiscr, temposvolgimento, punteggiominpos) values (
	'34', 'Test analisi1 Settembre','2022-09-28 16:00:00','2022-09-01 08:00:00','2022-09-27 23:00:00','150','18'
);
insert into test(idt, nome, DataTest,  datainizioiscr, datafineiscr, temposvolgimento, punteggiominpos) values (
	'35', 'Test analisi1 Ottobre','2022-10-28 15:00:00','2022-10-01 08:00:00','2022-10-27 23:00:00','150','18'
);



/*Popolamento quizAperta
Materia: Informatica, storia, italiano, filosofia, analisi1*/


/*Informatica*/
insert into quizAperta(idqa, testodomanda, punteggiomax, punteggiomin, maxcaratteri, materia) values (
	'1', 'Spiegare la differenza tra paradigma imperativo/procedurale e il paradigma orientato agli oggetti.','5', '0', '1000', 'Informatica'
);
insert into quizAperta(idqa, testodomanda, punteggiomax, punteggiomin, maxcaratteri, materia) values (
	'2', 'Spiegare la differenza tra iterazione e ricorsione in C.','5','0','1000', 'Informatica'
);
insert into quizAperta(idqa, testodomanda, punteggiomax, punteggiomin, maxcaratteri, materia) values (
	'3', 'Spiegare la differenza tra classi, attributi e metodi in JAVA.','7','0','1000', 'Informatica'
);
insert into quizAperta(idqa, testodomanda, punteggiomax, punteggiomin, maxcaratteri, materia) values (
	'4', 'Che cosa sono i sistemi numerici posizionali? E quali sono i piu utilizzati?','8','0','1000', 'Informatica'
);



/*Analisi 1*/
insert into quizAperta(idqa, testodomanda, punteggiomax, punteggiomin, maxcaratteri, materia) values (
	'5', 'Spiegare e dimostrare il teorema di Lagrange.', '10','0','1000', 'Analisi1'
);
insert into quizAperta(idqa, testodomanda, punteggiomax, punteggiomin, maxcaratteri, materia) values (
	'6', 'Spiegare e dimostrare il teorema di Rolle.', '10','0','1000', 'Analisi1'
);
insert into quizAperta(idqa, testodomanda, punteggiomax, punteggiomin, maxcaratteri, materia) values (
	'7', 'Spiegare e dimostrare il teorema di Fermat.', '10','0','1000', 'Analisi1'
);
insert into quizAperta(idqa, testodomanda, punteggiomax, punteggiomin, maxcaratteri, materia) values (
	'8', 'Spiegare e dimostrare il teorema di Cauchy.', '10','0','1000', 'Analisi1'
);



/*Storia*/
insert into quizAperta(idqa, testodomanda, punteggiomax, punteggiomin, maxcaratteri, materia) values (
	'9', 'Spiegare cause e conseguenza della Rivoluzione Francese.', '15','0','5000', 'Storia'
);
insert into quizAperta(idqa, testodomanda, punteggiomax, punteggiomin, maxcaratteri, materia) values (
	'10', 'Spiegare cause e conseguenza della Grande Guerra.', '15','0','5000', 'Storia'
);
insert into quizAperta(idqa, testodomanda, punteggiomax, punteggiomin, maxcaratteri, materia) values (
	'11', 'Spiegare cause e conseguenza della Seconda Guerra Mondiale.', '15','0','5000', 'Storia'
);
insert into quizAperta(idqa, testodomanda, punteggiomax, punteggiomin, maxcaratteri, materia) values (
	'12', 'Spiegare cause e conseguenza del trattato di Versailles.', '10','0','5000', 'Storia'
);


/*Italiano*/
insert into quizAperta(idqa, testodomanda, punteggiomax, punteggiomin, maxcaratteri, materia) values (
	'13', 'Parlare di Manzoni.', '15','0','5000', 'Italiano'
);
insert into quizAperta(idqa, testodomanda, punteggiomax, punteggiomin, maxcaratteri, materia) values (
	'14', 'Parlare di Leopardi.', '15','0','5000', 'Italiano'
);
insert into quizAperta(idqa, testodomanda, punteggiomax, punteggiomin, maxcaratteri, materia) values (
	'15', 'Parlare di Dante.', '15','0','5000', 'Italiano'
);
insert into quizAperta(idqa, testodomanda, punteggiomax, punteggiomin, maxcaratteri, materia) values (
	'16', 'Parlare di Boccaccio.', '15','0','5000', 'Italiano'
);



/*Filosofia*/
insert into quizAperta(idqa, testodomanda, punteggiomax, punteggiomin, maxcaratteri, materia) values (
	'17', 'Parlare di Aristotele.', '12','0','5000', 'Filosofia'
);
insert into quizAperta(idqa, testodomanda, punteggiomax, punteggiomin, maxcaratteri, materia) values (
	'18', 'Parlare di Locke.', '15','0','5000', 'Filosofia'
);
insert into quizAperta(idqa, testodomanda, punteggiomax, punteggiomin, maxcaratteri, materia) values (
	'19', 'Parlare di Giordano Bruno.', '15','0','5000', 'Filosofia'
);
insert into quizAperta(idqa, testodomanda, punteggiomax, punteggiomin, maxcaratteri, materia) values (
	'20', 'Parlare di Socrate.', '15','0','5000', 'Filosofia'
);




/*Popolamento quizMultipla
Materia: Informatica, storia, italiano, filosofia, analisi1*/

/*Informatica*/
insert into quizMultipla(idqm, domanda, punteggiobonus, punteggiomalus, materia, rispostagiusta, rispostasbagliata1,rispostasbagliata2, rispostasbagliata3) values(
	'1', 'Calcolare il valore in binario del numero 942.','2','1','Informatica', '1110101110', '1110101111', '1110001110', 'Nessuno dei precedenti'
);
insert into quizMultipla(idqm, domanda, punteggiobonus, punteggiomalus, materia, rispostagiusta, rispostasbagliata1,rispostasbagliata2, rispostasbagliata3) values(
	'2', 'Calcolare il valore in esadecimale del numero 1278.','2','1','Informatica','4FE', '4FF', '4EE', 'Nessuno dei precedenti'
);
insert into quizMultipla(idqm, domanda, punteggiobonus, punteggiomalus, materia, rispostagiusta, rispostasbagliata1,rispostasbagliata2, rispostasbagliata3) values(
	'3', 'Qual e la sintassi di dichiarazione e inizializzaizione di un array di int in java?','3','1','Informatica', 'Tutte le risposte sono giuste', 'Int[] a = new Int[10];', 'Int a[]=new Int[10];','Int[] a = {1,2,3,4}'
);
insert into quizMultipla(idqm, domanda, punteggiobonus, punteggiomalus, materia, rispostagiusta, rispostasbagliata1,rispostasbagliata2, rispostasbagliata3) values(
	'4', 'A cosa serve il linguaggio pl/sql?','2','0','Informatica', 'Serve per estendere le funzionalita del sql', 'Non e un linguaggio', 'Viene usato in C per scrivere funzioni', 'Viene usato in java per creare metodi e classi'
);



/*Storia*/
insert into quizMultipla(idqm, domanda, punteggiobonus, punteggiomalus, materia, rispostagiusta, rispostasbagliata1,rispostasbagliata2, rispostasbagliata3) values(
	'5', 'In che anno e avvenuta la scoperta della America?','2','1','Storia','1492','1452','1789','1212'
);
insert into quizMultipla(idqm, domanda, punteggiobonus, punteggiomalus, materia, rispostagiusta, rispostasbagliata1,rispostasbagliata2, rispostasbagliata3) values(
	'6', 'In che anno e avvenuta la unita di Italia?','2','1','Storia','1861','1345','1922','1101'
);
insert into quizMultipla(idqm, domanda, punteggiobonus, punteggiomalus, materia, rispostagiusta, rispostasbagliata1,rispostasbagliata2, rispostasbagliata3) values(
	'7', 'Quando anni e durata la epoca vittoriana?','2','1','Storia','64','34','12','25'
);
insert into quizMultipla(idqm, domanda, punteggiobonus, punteggiomalus, materia, rispostagiusta, rispostasbagliata1,rispostasbagliata2, rispostasbagliata3) values(
	'8', 'Prima della unita di Italia, quale era lo stato piu importante della penisola?','3','1','Storia','Regno delle due Sicilie','Stato della Chiesa','Regno di Savoia','Comune di Firenze'
);



/*Italiano*/
insert into quizMultipla(idqm, domanda, punteggiobonus, punteggiomalus, materia, rispostagiusta, rispostasbagliata1,rispostasbagliata2, rispostasbagliata3) values(
	'9', 'Quanti divine commedie ha scritto Dante?','2','0','Italiano','1','12','11','7'
);
insert into quizMultipla(idqm, domanda, punteggiobonus, punteggiomalus, materia, rispostagiusta, rispostasbagliata1,rispostasbagliata2, rispostasbagliata3) values(
	'10', 'Come si chiama Pirandello di nome?','1','1','Italiano','Luigi','Gigino','Francesco','Antonio'
);
insert into quizMultipla(idqm, domanda, punteggiobonus, punteggiomalus, materia, rispostagiusta, rispostasbagliata1,rispostasbagliata2, rispostasbagliata3) values(
	'11', 'Che stile appartiene a Cavalcanti?','2','0','Italiano','Dolce stil novo','Romanticismo','Ermetismo','Nessuna delle precedenti'
);
insert into quizMultipla(idqm, domanda, punteggiobonus, punteggiomalus, materia, rispostagiusta, rispostasbagliata1,rispostasbagliata2, rispostasbagliata3) values(
	'12', 'Cosa ha scritto Goldoni?','2','0','Italiano','la locandiera','La divina commedia','La coscienza di Zeno','Il de vulgari eloquencia'
);



/*Filosofia*/
insert into quizMultipla(idqm, domanda, punteggiobonus, punteggiomalus, materia, rispostagiusta, rispostasbagliata1,rispostasbagliata2, rispostasbagliata3) values(
	'13', 'Qual e la maggior opera di Karl Marx?','1','0','Filosofia','Manifesto partito comunista','Manifesto partito fascista','Manifesto ermetismo','Manifesto del nazismo'
);
insert into quizMultipla(idqm, domanda, punteggiobonus, punteggiomalus, materia, rispostagiusta, rispostasbagliata1,rispostasbagliata2, rispostasbagliata3) values(
	'14', 'Qual e la maggior opera di Freud?','1','0','Filosofia','Interpretazione dei sogni','Opere','Narcisismo','Nessuna delle precedenti'
);
insert into quizMultipla(idqm, domanda, punteggiobonus, punteggiomalus, materia, rispostagiusta, rispostasbagliata1,rispostasbagliata2, rispostasbagliata3) values(
	'15', 'Su cosa basa i suoi studi Freud?','2','0','Filosofia','Psicoanalisi','Psicologia','Pensiero','Sogni'
);
insert into quizMultipla(idqm, domanda, punteggiobonus, punteggiomalus, materia, rispostagiusta, rispostasbagliata1,rispostasbagliata2, rispostasbagliata3) values(
	'16', 'Qual e la maggior opera di Giordano Bruno?','1','0','Filosofia','Nessuna delle precedenti','Decameron','Introspezione','Divina commedia'
);


/*Analisi1*/
insert into quizMultipla(idqm, domanda, punteggiobonus, punteggiomalus, materia, rispostagiusta, rispostasbagliata1,rispostasbagliata2, rispostasbagliata3) values(
	'17', 'Quanto fa 18^2?','4','1','Analisi1','324','36','290','1492'
);
insert into quizMultipla(idqm, domanda, punteggiobonus, punteggiomalus, materia, rispostagiusta, rispostasbagliata1,rispostasbagliata2, rispostasbagliata3) values(
	'18', 'Quanto fa 9*9?','2','1','Analisi1','81','18','17','0'
);
insert into quizMultipla(idqm, domanda, punteggiobonus, punteggiomalus, materia, rispostagiusta, rispostasbagliata1,rispostasbagliata2, rispostasbagliata3) values(
	'19', 'Calcolare il volume di un cubo di lato 2.','4','1','Analisi1','8','6','24','12'
);
insert into quizMultipla(idqm, domanda, punteggiobonus, punteggiomalus, materia, rispostagiusta, rispostasbagliata1,rispostasbagliata2, rispostasbagliata3) values(
	'20', 'Calcolare la area di un rettangolo 2*4.','4','1','Analisi1','8','6','12','25'
);


/*POPOLAMENTO ASSOCIAZIONI*/
/*Popolamento gestione*/
insert into gestione values('Inserimento','2022-01-01','1','1');
insert into gestione values('Inserimento','2022-01-02','4','2');
insert into gestione values('Inserimento','2022-01-03','4','3');
insert into gestione values('Inserimento','2022-01-03','3','4');
insert into gestione values('Inserimento','2022-01-07','1','5');
insert into gestione values('Inserimento','2022-01-09','1','6');
insert into gestione values('Inserimento','2022-01-10','3','7');
insert into gestione values('Inserimento','2022-01-01','1','8');
insert into gestione values('Inserimento','2022-01-02','2','9');
insert into gestione values('Inserimento','2022-01-03','2','10');


/*Popolamento ammattequiz*/
Insert into ammettequizm values(CURRENT_DATE,'1','1');
Insert into ammettequizm values(CURRENT_DATE,'2','2');
Insert into ammettequizm values(CURRENT_DATE,'3','3');
Insert into ammettequizm values(CURRENT_DATE,'4','4');
Insert into ammettequizm values(CURRENT_DATE,'5','5');
Insert into ammettequizm values(CURRENT_DATE,'6','6');
Insert into ammettequizm values(CURRENT_DATE,'7','7');
Insert into ammettequizm values(CURRENT_DATE,'11','8');
Insert into ammettequizm values(CURRENT_DATE,'12','9');
Insert into ammettequizm values(CURRENT_DATE,'13','10');
Insert into ammettequizm values(CURRENT_DATE,'2','1');
Insert into ammettequizm values(CURRENT_DATE,'3','2');
Insert into ammettequizm values(CURRENT_DATE,'4','3');
Insert into ammettequizm values(CURRENT_DATE,'5','4');
Insert into ammettequizm values(CURRENT_DATE,'6','5');
Insert into ammettequizm values(CURRENT_DATE,'7','6');
Insert into ammettequizm values(CURRENT_DATE,'8','7');
Insert into ammettequizm values(CURRENT_DATE,'12','8');
Insert into ammettequizm values(CURRENT_DATE,'13','9');
Insert into ammettequizm values(CURRENT_DATE,'14','10');
Insert into ammettequizm values(CURRENT_DATE,'3','1');
Insert into ammettequizm values(CURRENT_DATE,'4','2');
Insert into ammettequizm values(CURRENT_DATE,'5','3');
Insert into ammettequizm values(CURRENT_DATE,'6','4');
Insert into ammettequizm values(CURRENT_DATE,'7','5');
Insert into ammettequizm values(CURRENT_DATE,'8','6');
Insert into ammettequizm values(CURRENT_DATE,'9','7');
Insert into ammettequizm values(CURRENT_DATE,'13','8');
Insert into ammettequizm values(CURRENT_DATE,'14','9');
Insert into ammettequizm values(CURRENT_DATE,'15','10');
Insert into ammettequizm values(CURRENT_DATE,'4','1');
Insert into ammettequizm values(CURRENT_DATE,'5','2');
Insert into ammettequizm values(CURRENT_DATE,'6','3');
Insert into ammettequizm values(CURRENT_DATE,'7','4');
Insert into ammettequizm values(CURRENT_DATE,'8','5');
Insert into ammettequizm values(CURRENT_DATE,'9','6');
Insert into ammettequizm values(CURRENT_DATE,'10','7');
Insert into ammettequizm values(CURRENT_DATE,'14','8');
Insert into ammettequizm values(CURRENT_DATE,'15','9');
Insert into ammettequizm values(CURRENT_DATE,'16','10');

Insert into ammettequiza values(CURRENT_DATE,'1','1');
Insert into ammettequiza values(CURRENT_DATE,'2','2');
Insert into ammettequiza values(CURRENT_DATE,'3','3');
Insert into ammettequiza values(CURRENT_DATE,'4','4');
Insert into ammettequiza values(CURRENT_DATE,'5','5');
Insert into ammettequiza values(CURRENT_DATE,'6','6');
Insert into ammettequiza values(CURRENT_DATE,'7','7');
Insert into ammettequiza values(CURRENT_DATE,'11','8');
Insert into ammettequiza values(CURRENT_DATE,'12','9');
Insert into ammettequiza values(CURRENT_DATE,'13','10');
Insert into ammettequiza values(CURRENT_DATE,'4','1');
Insert into ammettequiza values(CURRENT_DATE,'5','2');
Insert into ammettequiza values(CURRENT_DATE,'6','3');
Insert into ammettequiza values(CURRENT_DATE,'7','4');
Insert into ammettequiza values(CURRENT_DATE,'8','5');
Insert into ammettequiza values(CURRENT_DATE,'9','6');
Insert into ammettequiza values(CURRENT_DATE,'10','7');
Insert into ammettequiza values(CURRENT_DATE,'14','8');
Insert into ammettequiza values(CURRENT_DATE,'15','9');
Insert into ammettequiza values(CURRENT_DATE,'16','10');



/*Popolamento testScelti*/
insert into testScelti (DataIscrizione, Matricola, idt, esito)values('2022-01-24 23:00:00','1','1', 'Non disponibile');
insert into testScelti (DataIscrizione, Matricola, idt, esito)values('2022-01-17 23:00:00','1','5', 'Non disponibile');
insert into testScelti (DataIscrizione, Matricola, idt, esito)values('2022-01-21 23:00:00','2','3', 'Non disponibile');
insert into testScelti (DataIscrizione, Matricola, idt, esito)values('2022-01-24 23:00:00','3','1', 'Non disponibile');
insert into testScelti (DataIscrizione, Matricola, idt, esito)values('2022-01-24 23:00:00','6','1', 'Non disponibile');
insert into testScelti (DataIscrizione, Matricola, idt, esito)values('2022-01-17 23:00:00','8','7', 'Non disponibile');
insert into testScelti (DataIscrizione, Matricola, idt, esito)values('2022-01-17 23:00:00','4','5', 'Non disponibile');
insert into testScelti (DataIscrizione, Matricola, idt, esito)values('2022-01-27 23:00:00','7','9', 'Non disponibile');
insert into testScelti (DataIscrizione, Matricola, idt, esito)values('2022-01-24 23:00:00','5','1', 'Non disponibile');
insert into testScelti (DataIscrizione, Matricola, idt, esito)values('2022-01-16 23:00:00','7','1', 'Non disponibile');


/*Update su testorisposta in rispostaaperta*/
update rispostaaperta set testorisposta='Risposta1' where matricola='1' and idqa='1' and dataconsegna='2022-01-25 14:00:00';
update rispostaaperta set testorisposta='Risposta2' where matricola='1' and idqa='4' and dataconsegna='2022-01-25 14:00:00';
update rispostaaperta set testorisposta='Risposta1' where matricola='1' and idqa='8' and dataconsegna='2022-01-18 14:00:00';
update rispostaaperta set testorisposta='Risposta2' where matricola='1' and idqa='5' and dataconsegna='2022-01-18 14:00:00';

update rispostaaperta set testorisposta='Risposta1' where matricola='2' and idqa='6' and dataconsegna='2022-01-22 14:00:00';
update rispostaaperta set testorisposta='Risposta2' where matricola='2' and idqa='3' and dataconsegna='2022-01-22 14:00:00';

update rispostaaperta set testorisposta='Risposta1' where matricola='3' and idqa='4' and dataconsegna='2022-01-25 14:00:00';
update rispostaaperta set testorisposta='Risposta2' where matricola='3' and idqa='1' and dataconsegna='2022-01-25 14:00:00';

update rispostaaperta set testorisposta='Risposta1' where matricola='6' and idqa='4' and dataconsegna='2022-01-25 14:00:00';
update rispostaaperta set testorisposta='Risposta2' where matricola='6' and idqa='1' and dataconsegna='2022-01-25 14:00:00';

update rispostaaperta set testorisposta='Risposta1' where matricola='8' and idqa='7' and dataconsegna='2022-01-18 14:00:00';
update rispostaaperta set testorisposta='Risposta2' where matricola='8' and idqa='10' and dataconsegna='2022-01-18 14:00:00';

update rispostaaperta set testorisposta='Risposta1' where matricola='4' and idqa='5' and dataconsegna='2022-01-18 14:00:00';
update rispostaaperta set testorisposta='Risposta2' where matricola='4' and idqa='8' and dataconsegna='2022-01-18 14:00:00';

update rispostaaperta set testorisposta='Risposta1' where matricola='7' and idqa='12' and dataconsegna='2022-01-28 14:00:00';
update rispostaaperta set testorisposta='Risposta2' where matricola='7' and idqa='15' and dataconsegna='2022-01-28 14:00:00';
update rispostaaperta set testorisposta='Risposta1' where matricola='7' and idqa='4' and dataconsegna='2022-01-25 14:00:00';
update rispostaaperta set testorisposta='Risposta2' where matricola='7' and idqa='1' and dataconsegna='2022-01-25 14:00:00';

update rispostaaperta set testorisposta='Risposta1' where matricola='5' and idqa='4' and dataconsegna='2022-01-25 14:00:00';
update rispostaaperta set testorisposta='Risposta2' where matricola='5' and idqa='1' and dataconsegna='2022-01-25 14:00:00';


/*Update su testorisposta in rispostachiusa*/
update rispostachiusa set testorisposta='1492' where matricola='1' and idqm='5' and dataconsegna='2022-01-18 14:00:00';
update rispostachiusa set testorisposta='1861' where matricola='1' and idqm='6' and dataconsegna='2022-01-18 14:00:00';
update rispostachiusa set testorisposta='64' where matricola='1' and idqm='7' and dataconsegna='2022-01-18 14:00:00';
update rispostachiusa set testorisposta='Stato della Chiesa' where matricola='1' and idqm='8' and dataconsegna='2022-01-18 14:00:00';
update rispostachiusa set testorisposta='Serve per estendere le funzionalita del sql' where matricola='1' and idqm='4' and dataconsegna='2022-01-25 14:00:00';
update rispostachiusa set testorisposta='Tutte le risposte sono giuste' where matricola='1' and idqm='3' and dataconsegna='2022-01-25 14:00:00';
update rispostachiusa set testorisposta='4FE' where matricola='1' and idqm='2' and dataconsegna='2022-01-25 14:00:00';


update rispostachiusa set testorisposta='Tutte le risposte sono giuste' where matricola='2' and idqm='3' and dataconsegna='2022-01-22 14:00:00';
update rispostachiusa set testorisposta='Serve per estendere le funzionalita del sql' where matricola='2' and idqm='4' and dataconsegna='2022-01-22 14:00:00';
update rispostachiusa set testorisposta='1452' where matricola='2' and idqm='5' and dataconsegna='2022-01-22 14:00:00';
update rispostachiusa set testorisposta='1861' where matricola='2' and idqm='6' and dataconsegna='2022-01-22 14:00:00';

update rispostachiusa set testorisposta='4FE' where matricola='3' and idqm='2' and dataconsegna='2022-01-25 14:00:00';
update rispostachiusa set testorisposta='Tutte le risposte sono giuste' where matricola='3' and idqm='3' and dataconsegna='2022-01-25 14:00:00';
update rispostachiusa set testorisposta='Serve per estendere le funzionalita del sql' where matricola='3' and idqm='4' and dataconsegna='2022-01-25 14:00:00';

update rispostachiusa set testorisposta='Tutte le risposte sono giuste' where matricola='6' and idqm='3' and dataconsegna='2022-01-25 14:00:00';
update rispostachiusa set testorisposta='Viene usato in C per scrivere funzioni' where matricola='6' and idqm='4' and dataconsegna='2022-01-25 14:00:00';
update rispostachiusa set testorisposta='4FF' where matricola='6' and idqm='2' and dataconsegna='2022-01-25 14:00:00';


update rispostachiusa set testorisposta='64' where matricola='4' and idqm='7' and dataconsegna='2022-01-18 14:00:00';
update rispostachiusa set testorisposta='1861' where matricola='4' and idqm='6' and dataconsegna='2022-01-18 14:00:00';
update rispostachiusa set testorisposta='1212' where matricola='4' and idqm='5' and dataconsegna='2022-01-18 14:00:00';
update rispostachiusa set testorisposta='Stato della Chiesa' where matricola='4' and idqm='8' and dataconsegna='2022-01-18 14:00:00';

update rispostachiusa set testorisposta='1110101110' where matricola='7' and idqm='1' and dataconsegna='2022-01-25 14:00:00';
update rispostachiusa set testorisposta='4FE' where matricola='7' and idqm='2' and dataconsegna='2022-01-25 14:00:00';
update rispostachiusa set testorisposta='Int[] a = new Int[10];' where matricola='7' and idqm='3' and dataconsegna='2022-01-25 14:00:00';
update rispostachiusa set testorisposta='Non e un linguaggio' where matricola='7' and idqm='4' and dataconsegna='2022-01-25 14:00:00';
update rispostachiusa set testorisposta='la locandiera' where matricola='7' and idqm='12' and dataconsegna='2022-01-28 14:00:00';
update rispostachiusa set testorisposta='Manifesto partito comunista' where matricola='7' and idqm='13' and dataconsegna='2022-01-28 14:00:00';
update rispostachiusa set testorisposta='Opere' where matricola='7' and idqm='14' and dataconsegna='2022-01-28 14:00:00';
update rispostachiusa set testorisposta='Psicoanalisi' where matricola='7' and idqm='15' and dataconsegna='2022-01-28 14:00:00';

update rispostachiusa set testorisposta='Stato della Chiesa' where matricola='8' and idqm='8' and dataconsegna='2022-01-18 14:00:00';
update rispostachiusa set testorisposta='1' where matricola='8' and idqm='9' and dataconsegna='2022-01-18 14:00:00';
update rispostachiusa set testorisposta='Luigi' where matricola='8' and idqm='10' and dataconsegna='2022-01-18 14:00:00';
update rispostachiusa set testorisposta='64' where matricola='8' and idqm='7' and dataconsegna='2022-01-18 14:00:00';

update rispostachiusa set testorisposta='Serve per estendere le funzionalita del sql' where matricola='5' and idqm='4' and dataconsegna='2022-01-25 14:00:00';
update rispostachiusa set testorisposta='4FE' where matricola='5' and idqm='2' and dataconsegna='2022-01-25 14:00:00';


/*Update punteggioassegnato in rispostaaperta*/
update rispostaaperta set punteggioassegnato='5' where matricola='1' and idqa='4' and dataconsegna='2022-01-25 14:00:00';
update rispostaaperta set punteggioassegnato='3' where matricola='1' and idqa='1' and dataconsegna='2022-01-25 14:00:00';
update rispostaaperta set punteggioassegnato='8' where matricola='1' and idqa='8' and dataconsegna='2022-01-18 14:00:00';
update rispostaaperta set punteggioassegnato='3' where matricola='1' and idqa='5' and dataconsegna='2022-01-18 14:00:00';

update rispostaaperta set punteggioassegnato='5' where matricola='2' and idqa='6' and dataconsegna='2022-01-22 14:00:00';
update rispostaaperta set punteggioassegnato='5' where matricola='2' and idqa='3' and dataconsegna='2022-01-22 14:00:00';

update rispostaaperta set punteggioassegnato='4' where matricola='3' and idqa='4' and dataconsegna='2022-01-25 14:00:00';
update rispostaaperta set punteggioassegnato='4' where matricola='3' and idqa='1' and dataconsegna='2022-01-25 14:00:00';

update rispostaaperta set punteggioassegnato='4' where matricola='6' and idqa='4' and dataconsegna='2022-01-25 14:00:00';
update rispostaaperta set punteggioassegnato='3' where matricola='6' and idqa='1' and dataconsegna='2022-01-25 14:00:00';

update rispostaaperta set punteggioassegnato='8' where matricola='8' and idqa='7' and dataconsegna='2022-01-18 14:00:00';
update rispostaaperta set punteggioassegnato='11' where matricola='8' and idqa='10' and dataconsegna='2022-01-18 14:00:00';

update rispostaaperta set punteggioassegnato='9' where matricola='4' and idqa='5' and dataconsegna='2022-01-18 14:00:00';
update rispostaaperta set punteggioassegnato='7' where matricola='4' and idqa='8' and dataconsegna='2022-01-18 14:00:00';

update rispostaaperta set punteggioassegnato='10' where matricola='7' and idqa='12' and dataconsegna='2022-01-28 14:00:00';
update rispostaaperta set punteggioassegnato='14' where matricola='7' and idqa='15' and dataconsegna='2022-01-28 14:00:00';
update rispostaaperta set punteggioassegnato='5' where matricola='7' and idqa='4' and dataconsegna='2022-01-25 14:00:00';
update rispostaaperta set punteggioassegnato='3' where matricola='7' and idqa='1' and dataconsegna='2022-01-25 14:00:00';

update rispostaaperta set punteggioassegnato='3' where matricola='5' and idqa='4' and dataconsegna='2022-01-25 14:00:00';
update rispostaaperta set punteggioassegnato='3' where matricola='5' and idqa='1' and dataconsegna='2022-01-25 14:00:00';